{
    "New_South_Wales": {
        "one_method_total": 1972838,
        "total_people": 3681647,
        "one_method_ratio": 0.5358574572738777
    },
    "Victoria": {
        "one_method_total": 1917104,
        "total_people": 3161090,
        "one_method_ratio": 0.6064692874926054
    },
    "Queensland": {
        "one_method_total": 1772270,
        "total_people": 2440843,
        "one_method_ratio": 0.7260893060307443
    },
    "South_Australia": {
        "one_method_total": 648904,
        "total_people": 838665,
        "one_method_ratio": 0.7737344470080425
    },
    "Western_Australia": {
        "one_method_total": 1002826,
        "total_people": 1304353,
        "one_method_ratio": 0.7688302169734726
    },
    "Tasmania": {
        "one_method_total": 200179,
        "total_people": 254395,
        "one_method_ratio": 0.7868826038247607
    },
    "Northern_Territory": {
        "one_method_total": 90540,
        "total_people": 106477,
        "one_method_ratio": 0.8503244832217286
    },
    "Australian_Capital_Territory": {
        "one_method_total": 190134,
        "total_people": 248388,
        "one_method_ratio": 0.7654717619208657
    },
    "Other_Territories": {
        "one_method_total": 1860,
        "total_people": 2243,
        "one_method_ratio": 0.8292465448060633
    }
}