{
    "New_South_Wales": {
        "science_average_growth": 5.2263047,
        "construction_average_growth": 4.287036499999999,
        "financial_average_growth": 0.8541487499999998,
        "total_average_growth": 3.8208668999999995
    },
    "Victoria": {
        "science_average_growth": 5.2263047,
        "construction_average_growth": 4.287036499999999,
        "financial_average_growth": 0.8541487499999998,
        "total_average_growth": 3.8208668999999995
    },
    "Queensland": {
        "science_average_growth": 5.2263047,
        "construction_average_growth": 4.287036499999999,
        "financial_average_growth": 0.8541487499999998,
        "total_average_growth": 3.8208668999999995
    },
    "South_Australia": {
        "science_average_growth": 5.2263047,
        "construction_average_growth": 4.287036499999999,
        "financial_average_growth": 0.8541487499999998,
        "total_average_growth": 3.8208668999999995
    },
    "Western_Australia": {
        "science_average_growth": 5.2263047,
        "construction_average_growth": 4.287036499999999,
        "financial_average_growth": 0.8541487499999998,
        "total_average_growth": 3.8208668999999995
    },
    "Tasmania": {
        "science_average_growth": 5.2263047,
        "construction_average_growth": 4.287036499999999,
        "financial_average_growth": 0.8541487499999998,
        "total_average_growth": 3.8208668999999995
    },
    "Northern_Territory": {
        "science_average_growth": 5.2263047,
        "construction_average_growth": 4.287036499999999,
        "financial_average_growth": 0.8541487499999998,
        "total_average_growth": 3.8208668999999995
    }
}