{
    "New_South_Wales": {
        "first_voter_counts": 2279.7798963160008,
        "poll_counts": 2561,
        "first_voter_average": 0.890191291025381
    },
    "Victoria": {
        "first_voter_counts": 1529.9651703689985,
        "poll_counts": 1698,
        "first_voter_average": 0.9010395585212005
    },
    "Queensland": {
        "first_voter_counts": 1240.6236592580003,
        "poll_counts": 1344,
        "first_voter_average": 0.9230830798050598
    },
    "South_Australia": {
        "first_voter_counts": 580.3644889039997,
        "poll_counts": 642,
        "first_voter_average": 0.9039945310031148
    },
    "Western_Australia": {
        "first_voter_counts": 694.8065777769998,
        "poll_counts": 741,
        "first_voter_average": 0.9376606987543857
    },
    "Tasmania": {
        "first_voter_counts": 259.0274962959998,
        "poll_counts": 305,
        "first_voter_average": 0.8492704796590158
    },
    "Northern_Territory": {
        "first_voter_counts": 81.59863703400005,
        "poll_counts": 69,
        "first_voter_average": 1.1825889425217397
    },
    "Australian_Capital_Territory": {
        "first_voter_counts": 99.01782222299998,
        "poll_counts": 79,
        "first_voter_average": 1.2533901547215187
    }
}