{
    "New_South_Wales": {
        "one_method_total": 1972838,
        "two_method_total": 54633,
        "three_method_total": 8056,
        "total_people": 3681647,
        "one_method_ratio": 0.5358574572738777,
        "two_method_ratio": 0.014839282527629618,
        "three_method_ratio": 0.0021881511182359416
    },
    "Victoria": {
        "one_method_total": 1917104,
        "two_method_total": 50900,
        "three_method_total": 11185,
        "total_people": 3161090,
        "one_method_ratio": 0.6064692874926054,
        "two_method_ratio": 0.016102040751766005,
        "three_method_ratio": 0.0035383364598919995
    },
    "Queensland": {
        "one_method_total": 1772270,
        "two_method_total": 37095,
        "three_method_total": 5060,
        "total_people": 2440843,
        "one_method_ratio": 0.7260893060307443,
        "two_method_ratio": 0.015197618199941577,
        "three_method_ratio": 0.002073054268545744
    },
    "South_Australia": {
        "one_method_total": 648904,
        "two_method_total": 13224,
        "three_method_total": 1578,
        "total_people": 838665,
        "one_method_ratio": 0.7737344470080425,
        "two_method_ratio": 0.015767916867879306,
        "three_method_ratio": 0.0018815617678095546
    },
    "Western_Australia": {
        "one_method_total": 1002826,
        "two_method_total": 38490,
        "three_method_total": 6240,
        "total_people": 1304353,
        "one_method_ratio": 0.7688302169734726,
        "two_method_ratio": 0.02950888294809764,
        "three_method_ratio": 0.00478398102354194
    },
    "Tasmania": {
        "one_method_total": 200179,
        "two_method_total": 2972,
        "three_method_total": 252,
        "total_people": 254395,
        "one_method_ratio": 0.7868826038247607,
        "two_method_ratio": 0.011682619548340179,
        "three_method_ratio": 0.000990585506790621
    },
    "Northern_Territory": {
        "one_method_total": 90540,
        "two_method_total": 1376,
        "three_method_total": 174,
        "total_people": 106477,
        "one_method_ratio": 0.8503244832217286,
        "two_method_ratio": 0.012922978671450173,
        "three_method_ratio": 0.0016341557331630305
    },
    "Australian_Capital_Territory": {
        "one_method_total": 190134,
        "two_method_total": 5338,
        "three_method_total": 535,
        "total_people": 248388,
        "one_method_ratio": 0.7654717619208657,
        "two_method_ratio": 0.021490571203117703,
        "three_method_ratio": 0.002153888271575116
    },
    "Other_Territories": {
        "one_method_total": 1860,
        "two_method_total": 65,
        "three_method_total": 16,
        "total_people": 2243,
        "one_method_ratio": 0.8292465448060633,
        "two_method_ratio": 0.028979045920642,
        "three_method_ratio": 0.007133303611234953
    }
}